species,bird,condition,layer,v_measure,homogeneity,completeness,clusters,frames
bf,bird0,birdaves_biox_base,3,0.4366,0.48438,0.3974,10,1096605
bf,bird0,birdaves_biox_base,7,0.45287,0.49706,0.41589,10,1096605
bf,bird0,birdaves_biox_base_speed0p25,3,0.48222,0.51637,0.45231,10,1096605
bf,bird0,birdaves_biox_base_speed0p25,4,0.49341,0.5292,0.46216,10,1096605
bf,bird0,birdaves_biox_base_speed0p5,3,0.46081,0.50218,0.42574,10,1096595
bf,bird0,birdaves_biox_base_speed0p5,6,0.43713,0.48024,0.40113,10,1096595
bf,bird0,hubert_base_ls960,0,0.52477,0.56964,0.48644,10,1096605
bf,bird0,hubert_base_ls960,3,0.48148,0.52467,0.44485,10,1096605
bf,bird0,xcl_base_500k_p32x1_c005,5,0.51707,0.56094,0.47957,10,1096605
bf,bird0,xcl_base_500k_p32x4_c010,3,0.48202,0.53073,0.4415,10,1096605
bf,bird0,xcl_base_500k_p32x4_c010,4,0.47679,0.5252,0.43655,10,1096605
bf,bird0,xcl_large_500k_p32x1_c005,11,0.56525,0.59709,0.53663,10,1096605
bf,bird0,xcl_large_500k_p32x4_c0025,9,0.53587,0.56684,0.50811,10,1096605
bf,bird0,xcl_large_500k_p32x4_c010,10,0.54307,0.57638,0.51339,10,1096605
bf,bird0,xcl_micro_500k_p32x1_c005,4,0.55815,0.60788,0.51593,10,1096605
bf,bird0,xcl_micro_500k_p32x1_c005,5,0.5442,0.59213,0.50344,10,1096605
bf,bird0,xcl_micro_500k_p32x4_c010,3,0.48865,0.53679,0.44843,10,1096605
bf,bird1,birdaves_biox_base,3,0.49711,0.53051,0.46767,13,1249880
bf,bird1,birdaves_biox_base,7,0.50643,0.53904,0.47754,13,1249880
bf,bird1,birdaves_biox_base_speed0p25,3,0.436,0.46195,0.41281,13,1249880
bf,bird1,birdaves_biox_base_speed0p25,4,0.40797,0.43116,0.38715,13,1249880
bf,bird1,birdaves_biox_base_speed0p5,3,0.4952,0.5252,0.46845,13,1249880
bf,bird1,birdaves_biox_base_speed0p5,6,0.45569,0.48852,0.427,13,1249880
bf,bird1,hubert_base_ls960,0,0.49296,0.516,0.47188,13,1249880
bf,bird1,hubert_base_ls960,3,0.45004,0.4788,0.42454,13,1249880
bf,bird1,xcl_base_500k_p32x1_c005,5,0.50289,0.52799,0.48008,13,1249880
bf,bird1,xcl_base_500k_p32x4_c010,3,0.4561,0.48345,0.43169,13,1249880
bf,bird1,xcl_base_500k_p32x4_c010,4,0.46581,0.49228,0.44205,13,1249880
bf,bird1,xcl_large_500k_p32x1_c005,11,0.54674,0.5645,0.53005,13,1249880
bf,bird1,xcl_large_500k_p32x4_c0025,9,0.47613,0.50224,0.4526,13,1249880
bf,bird1,xcl_large_500k_p32x4_c010,10,0.51167,0.5324,0.49249,13,1249880
bf,bird1,xcl_micro_500k_p32x1_c005,4,0.49942,0.52725,0.47437,13,1249880
bf,bird1,xcl_micro_500k_p32x1_c005,5,0.4925,0.52006,0.46771,13,1249880
bf,bird1,xcl_micro_500k_p32x4_c010,3,0.45406,0.47871,0.43183,13,1249880
bf,bird10,birdaves_biox_base,3,0.46984,0.4935,0.44833,13,843520
bf,bird10,birdaves_biox_base,7,0.48402,0.50937,0.46107,13,843520
bf,bird10,birdaves_biox_base_speed0p25,3,0.46447,0.48775,0.44331,13,843515
bf,bird10,birdaves_biox_base_speed0p25,4,0.4821,0.50049,0.46502,13,843515
bf,bird10,birdaves_biox_base_speed0p5,3,0.47906,0.50182,0.45827,13,843505
bf,bird10,birdaves_biox_base_speed0p5,6,0.51928,0.54366,0.49699,13,843505
bf,bird10,hubert_base_ls960,0,0.48904,0.5133,0.46697,13,843520
bf,bird10,hubert_base_ls960,3,0.43341,0.4569,0.41221,13,843520
bf,bird10,xcl_base_500k_p32x1_c005,5,0.61109,0.62342,0.59924,13,843520
bf,bird10,xcl_base_500k_p32x4_c010,3,0.55308,0.56924,0.5378,13,843520
bf,bird10,xcl_base_500k_p32x4_c010,4,0.49786,0.51131,0.48509,13,843520
bf,bird10,xcl_large_500k_p32x1_c005,11,0.62064,0.63841,0.60383,13,843520
bf,bird10,xcl_large_500k_p32x4_c0025,9,0.56866,0.58568,0.55261,13,843520
bf,bird10,xcl_large_500k_p32x4_c010,10,0.61141,0.62636,0.59715,13,843520
bf,bird10,xcl_micro_500k_p32x1_c005,4,0.60558,0.62349,0.58868,13,843520
bf,bird10,xcl_micro_500k_p32x1_c005,5,0.58791,0.59939,0.57685,13,843520
bf,bird10,xcl_micro_500k_p32x4_c010,3,0.44931,0.47184,0.42884,13,843520
bf,bird2,birdaves_biox_base,3,0.5161,0.55297,0.48384,18,1249890
bf,bird2,birdaves_biox_base,7,0.52843,0.57113,0.49167,18,1249890
bf,bird2,birdaves_biox_base_speed0p25,3,0.49898,0.53758,0.46556,18,1249890
bf,bird2,birdaves_biox_base_speed0p25,4,0.48875,0.52645,0.45608,18,1249890
bf,bird2,birdaves_biox_base_speed0p5,3,0.49835,0.53531,0.46617,18,1249890
bf,bird2,birdaves_biox_base_speed0p5,6,0.4834,0.52304,0.44934,18,1249890
bf,bird2,hubert_base_ls960,0,0.49755,0.53682,0.46364,18,1249890
bf,bird2,hubert_base_ls960,3,0.50519,0.5467,0.46954,18,1249890
bf,bird2,xcl_base_500k_p32x1_c005,5,0.59093,0.63567,0.55208,18,1249890
bf,bird2,xcl_base_500k_p32x4_c010,3,0.5408,0.57765,0.50837,18,1249890
bf,bird3,birdaves_biox_base,3,0.37836,0.43932,0.33225,10,1249790
bf,bird3,birdaves_biox_base,7,0.41276,0.48061,0.36169,10,1249790
bf,bird3,birdaves_biox_base_speed0p25,3,0.41033,0.47373,0.36189,10,1249790
bf,bird3,birdaves_biox_base_speed0p25,4,0.41598,0.48027,0.36686,10,1249790
bf,bird3,birdaves_biox_base_speed0p5,3,0.43424,0.49874,0.38451,10,1249790
bf,bird3,birdaves_biox_base_speed0p5,6,0.37136,0.42972,0.32695,10,1249790
bf,bird3,hubert_base_ls960,0,0.45275,0.51994,0.40094,10,1249790
bf,bird3,hubert_base_ls960,3,0.4562,0.51761,0.40783,10,1249790
bf,bird3,xcl_base_500k_p32x1_c005,5,0.50512,0.57601,0.44977,10,1249790
bf,bird3,xcl_base_500k_p32x4_c010,3,0.40542,0.46878,0.35715,10,1249790
bf,bird3,xcl_base_500k_p32x4_c010,4,0.40666,0.47052,0.35806,10,1249790
bf,bird3,xcl_large_500k_p32x1_c005,11,0.50181,0.56952,0.4485,10,1249790
bf,bird3,xcl_large_500k_p32x4_c0025,9,0.44286,0.50776,0.39268,10,1249790
bf,bird3,xcl_large_500k_p32x4_c010,10,0.45316,0.51769,0.40293,10,1249790
bf,bird3,xcl_micro_500k_p32x1_c005,4,0.50905,0.5755,0.45635,10,1249790
bf,bird3,xcl_micro_500k_p32x1_c005,5,0.50582,0.57116,0.45389,10,1249790
bf,bird3,xcl_micro_500k_p32x4_c010,3,0.41903,0.48116,0.37111,10,1249790
bf,bird5,birdaves_biox_base,3,0.44293,0.45729,0.42945,8,1249775
bf,bird5,birdaves_biox_base,7,0.50215,0.50866,0.49581,8,1249775
bf,bird5,birdaves_biox_base_speed0p25,3,0.52804,0.54001,0.51659,8,1249770
bf,bird5,birdaves_biox_base_speed0p25,4,0.52472,0.53564,0.51425,8,1249770
bf,bird5,birdaves_biox_base_speed0p5,3,0.47177,0.48403,0.46011,8,1249770
bf,bird5,birdaves_biox_base_speed0p5,6,0.53949,0.54417,0.53488,8,1249770
bf,bird5,hubert_base_ls960,0,0.50934,0.5147,0.50409,8,1249775
bf,bird5,hubert_base_ls960,3,0.49647,0.49275,0.50024,8,1249775
bf,bird5,xcl_base_500k_p32x1_c005,5,0.63935,0.64723,0.63167,8,1249775
canary,llb11_annot,birdaves_biox_base,3,0.40142,0.58252,0.30622,28,1249765
canary,llb11_annot,birdaves_biox_base,7,0.37868,0.55444,0.28753,28,1249765
canary,llb11_annot,birdaves_biox_base_speed0p25,3,0.37571,0.55146,0.28491,28,1249765
canary,llb11_annot,birdaves_biox_base_speed0p25,4,0.34968,0.51449,0.26484,28,1249765
canary,llb11_annot,birdaves_biox_base_speed0p5,3,0.39195,0.56892,0.29896,28,1249765
canary,llb11_annot,birdaves_biox_base_speed0p5,6,0.36655,0.53819,0.27792,28,1249765
canary,llb11_annot,hubert_base_ls960,0,0.36856,0.54033,0.27966,28,1249765
canary,llb11_annot,hubert_base_ls960,3,0.38496,0.56119,0.29296,28,1249765
canary,llb11_annot,xcl_base_500k_p32x1_c005,5,0.45894,0.64534,0.35609,28,1249765
canary,llb11_annot,xcl_base_500k_p32x4_c010,3,0.43272,0.60354,0.33726,28,1249765
canary,llb11_annot,xcl_base_500k_p32x4_c010,4,0.44959,0.61985,0.35271,28,1249765
canary,llb11_annot,xcl_large_500k_p32x1_c005,11,0.46501,0.65268,0.36116,28,1249765
canary,llb11_annot,xcl_large_500k_p32x4_c0025,9,0.45194,0.62623,0.35354,28,1249765
canary,llb11_annot,xcl_large_500k_p32x4_c010,10,0.4379,0.60138,0.3443,28,1249765
canary,llb11_annot,xcl_micro_500k_p32x1_c005,4,0.41576,0.5968,0.31899,28,1249765
canary,llb11_annot,xcl_micro_500k_p32x1_c005,5,0.41624,0.59661,0.31961,28,1249765
canary,llb11_annot,xcl_micro_500k_p32x4_c010,3,0.42492,0.59163,0.33151,28,1249765
canary,llb16_annot,birdaves_biox_base,3,0.43424,0.5947,0.34197,31,1249500
canary,llb16_annot,birdaves_biox_base,7,0.4356,0.59655,0.34304,31,1249500
canary,llb16_annot,birdaves_biox_base_speed0p25,3,0.44194,0.60456,0.34826,31,1249500
canary,llb16_annot,birdaves_biox_base_speed0p25,4,0.42485,0.58164,0.33464,31,1249500
canary,llb16_annot,birdaves_biox_base_speed0p5,3,0.47127,0.64306,0.37191,31,1249500
canary,llb16_annot,birdaves_biox_base_speed0p5,6,0.43921,0.60351,0.34523,31,1249500
canary,llb16_annot,hubert_base_ls960,0,0.41607,0.56929,0.32784,31,1249500
canary,llb16_annot,hubert_base_ls960,3,0.40817,0.55841,0.32164,31,1249500
canary,llb16_annot,xcl_base_500k_p32x1_c005,5,0.45433,0.61524,0.36014,31,1249500
canary,llb16_annot,xcl_base_500k_p32x4_c010,3,0.44256,0.58803,0.3548,31,1249500
canary,llb16_annot,xcl_base_500k_p32x4_c010,4,0.44488,0.58789,0.35783,31,1249500
canary,llb16_annot,xcl_large_500k_p32x1_c005,11,0.47776,0.64512,0.37935,31,1249500
canary,llb16_annot,xcl_large_500k_p32x4_c0025,9,0.4674,0.61706,0.37617,31,1249500
canary,llb16_annot,xcl_large_500k_p32x4_c010,10,0.44324,0.5873,0.35593,31,1249500
canary,llb16_annot,xcl_micro_500k_p32x1_c005,4,0.44448,0.60611,0.35091,31,1249500
canary,llb16_annot,xcl_micro_500k_p32x1_c005,5,0.44042,0.60182,0.34729,31,1249500
canary,llb16_annot,xcl_micro_500k_p32x4_c010,3,0.40969,0.55286,0.32542,31,1249500
canary,llb3_annot,birdaves_biox_base,3,0.47513,0.60739,0.39017,21,1249980
canary,llb3_annot,birdaves_biox_base,7,0.43994,0.56746,0.35922,21,1249980
canary,llb3_annot,birdaves_biox_base_speed0p25,3,0.48916,0.6323,0.39886,21,1249980
canary,llb3_annot,birdaves_biox_base_speed0p25,4,0.49474,0.63792,0.40405,21,1249980
canary,llb3_annot,birdaves_biox_base_speed0p5,3,0.49585,0.63724,0.40581,21,1249980
canary,llb3_annot,birdaves_biox_base_speed0p5,6,0.46106,0.59742,0.37538,21,1249980
canary,llb3_annot,hubert_base_ls960,0,0.47347,0.6084,0.38752,21,1249980
canary,llb3_annot,hubert_base_ls960,3,0.44907,0.58025,0.36627,21,1249980
canary,llb3_annot,xcl_base_500k_p32x1_c005,5,0.52873,0.67991,0.43255,21,1249980
canary,llb3_annot,xcl_base_500k_p32x4_c010,3,0.51049,0.65522,0.41813,21,1249980
canary,llb3_annot,xcl_base_500k_p32x4_c010,4,0.50978,0.65461,0.41743,21,1249980
canary,llb3_annot,xcl_large_500k_p32x1_c005,11,0.5221,0.67108,0.42725,21,1249980
canary,llb3_annot,xcl_large_500k_p32x4_c0025,9,0.51497,0.65875,0.42271,21,1249980
canary,llb3_annot,xcl_large_500k_p32x4_c010,10,0.49735,0.6405,0.4065,21,1249980
canary,llb3_annot,xcl_micro_500k_p32x1_c005,4,0.51756,0.66717,0.42275,21,1249980
canary,llb3_annot,xcl_micro_500k_p32x1_c005,5,0.51243,0.65862,0.41935,21,1249980
canary,llb3_annot,xcl_micro_500k_p32x4_c010,3,0.49134,0.63324,0.4014,21,1249980
zf,B145,birdaves_biox_base,3,0.53683,0.56474,0.51155,9,104615
zf,B145,birdaves_biox_base,7,0.53191,0.56134,0.50541,9,104615
zf,B145,birdaves_biox_base_speed0p25,3,0.46362,0.48638,0.4429,9,104615
zf,B145,birdaves_biox_base_speed0p25,4,0.46511,0.48497,0.44682,9,104615
zf,B145,birdaves_biox_base_speed0p5,3,0.47735,0.49888,0.4576,9,104615
zf,B145,birdaves_biox_base_speed0p5,6,0.5037,0.52938,0.4804,9,104615
zf,B145,hubert_base_ls960,0,0.51305,0.53626,0.49176,9,104615
zf,B145,hubert_base_ls960,3,0.44325,0.46617,0.42248,9,104615
zf,B145,xcl_base_500k_p32x1_c005,5,0.56568,0.5808,0.55133,9,104615
zf,B145,xcl_base_500k_p32x4_c010,3,0.53212,0.56172,0.50548,9,104615
zf,B145,xcl_base_500k_p32x4_c010,4,0.53642,0.56301,0.51222,9,104615
zf,B145,xcl_large_500k_p32x1_c005,11,0.54885,0.56464,0.53392,9,104615
zf,B145,xcl_large_500k_p32x4_c0025,9,0.55536,0.57746,0.5349,9,104615
zf,B145,xcl_large_500k_p32x4_c010,10,0.55781,0.58109,0.53632,9,104615
zf,B145,xcl_micro_500k_p32x1_c005,4,0.56262,0.58433,0.54247,9,104615
zf,B145,xcl_micro_500k_p32x1_c005,5,0.55895,0.58067,0.5388,9,104615
zf,B145,xcl_micro_500k_p32x4_c010,3,0.48969,0.51703,0.4651,9,104615
zf,B236,birdaves_biox_base,3,0.36317,0.40863,0.32681,9,123595
zf,B236,birdaves_biox_base,7,0.40522,0.45341,0.3663,9,123595
zf,B236,birdaves_biox_base_speed0p25,3,0.3346,0.37107,0.30466,9,123590
zf,B236,birdaves_biox_base_speed0p25,4,0.34108,0.38051,0.30906,9,123590
zf,B236,birdaves_biox_base_speed0p5,3,0.37444,0.42026,0.33763,9,123595
zf,B236,birdaves_biox_base_speed0p5,6,0.36028,0.40462,0.3247,9,123595
zf,B236,hubert_base_ls960,0,0.32202,0.3594,0.29169,9,123595
zf,B236,hubert_base_ls960,3,0.28786,0.32255,0.25991,9,123595
zf,B236,xcl_base_500k_p32x1_c005,5,0.47569,0.52309,0.43617,9,123595
zf,B236,xcl_base_500k_p32x4_c010,3,0.35563,0.39166,0.32567,9,123595
zf,B236,xcl_base_500k_p32x4_c010,4,0.39376,0.44349,0.35406,9,123595
zf,B236,xcl_large_500k_p32x1_c005,11,0.46652,0.51438,0.42681,9,123595
zf,B236,xcl_large_500k_p32x4_c0025,9,0.4132,0.4657,0.37134,9,123595
zf,B236,xcl_large_500k_p32x4_c010,10,0.41959,0.45983,0.38583,9,123595
zf,B236,xcl_micro_500k_p32x1_c005,4,0.43499,0.48595,0.39371,9,123595
zf,B236,xcl_micro_500k_p32x1_c005,5,0.41262,0.44943,0.38138,9,123595
zf,B236,xcl_micro_500k_p32x4_c010,3,0.34869,0.38183,0.32083,9,123595
zf,B258,birdaves_biox_base,3,0.55056,0.64545,0.47999,8,79510
zf,B258,birdaves_biox_base,7,0.54711,0.63712,0.47939,8,79510
zf,B258,birdaves_biox_base_speed0p25,3,0.53129,0.61545,0.46739,8,79510
zf,B258,birdaves_biox_base_speed0p25,4,0.54319,0.63213,0.4762,8,79510
zf,B258,birdaves_biox_base_speed0p5,3,0.52217,0.60211,0.46098,8,79510
zf,B258,birdaves_biox_base_speed0p5,6,0.5367,0.62716,0.46904,8,79510
zf,B258,hubert_base_ls960,0,0.52573,0.61681,0.45809,8,79510
zf,B258,hubert_base_ls960,3,0.51456,0.60404,0.44817,8,79510
zf,B258,xcl_base_500k_p32x1_c005,5,0.62431,0.73231,0.54407,8,79510
zf,B258,xcl_base_500k_p32x4_c010,3,0.58445,0.69153,0.50609,8,79510
zf,B258,xcl_base_500k_p32x4_c010,4,0.58669,0.69347,0.5084,8,79510
zf,B258,xcl_large_500k_p32x1_c005,11,0.62647,0.73261,0.5472,8,79510
zf,B258,xcl_large_500k_p32x4_c0025,9,0.5944,0.70342,0.51464,8,79510
zf,B258,xcl_large_500k_p32x4_c010,10,0.60899,0.69348,0.54286,8,79510
zf,B258,xcl_micro_500k_p32x1_c005,4,0.60016,0.71488,0.51716,8,79510
zf,B258,xcl_micro_500k_p32x1_c005,5,0.62101,0.72497,0.54313,8,79510
zf,B258,xcl_micro_500k_p32x4_c010,3,0.56359,0.67149,0.48556,8,79510
zf,B385,birdaves_biox_base,3,0.52581,0.57672,0.48316,15,137525
zf,B385,birdaves_biox_base,7,0.45302,0.50067,0.41365,15,137525
zf,B385,birdaves_biox_base_speed0p25,3,0.42947,0.47621,0.39109,15,137525
zf,B385,birdaves_biox_base_speed0p25,4,0.43067,0.47583,0.39334,15,137525
zf,B385,birdaves_biox_base_speed0p5,3,0.47777,0.5263,0.43743,15,137525
zf,B385,birdaves_biox_base_speed0p5,6,0.46429,0.51254,0.42434,15,137525
zf,B385,hubert_base_ls960,0,0.44396,0.48625,0.40843,15,137525
zf,B385,hubert_base_ls960,3,0.44469,0.49228,0.4055,15,137525
zf,B385,xcl_base_500k_p32x1_c005,5,0.55494,0.6059,0.51189,15,137525
zf,B385,xcl_base_500k_p32x4_c010,3,0.48564,0.53314,0.44592,15,137525
zf,B385,xcl_base_500k_p32x4_c010,4,0.47078,0.51771,0.43165,15,137525
zf,B385,xcl_large_500k_p32x1_c005,11,0.60092,0.63966,0.56662,15,137525
zf,B385,xcl_large_500k_p32x4_c0025,9,0.53103,0.57751,0.49148,15,137525
zf,B385,xcl_large_500k_p32x4_c010,10,0.526,0.56797,0.48981,15,137525
zf,B385,xcl_micro_500k_p32x1_c005,4,0.52125,0.5752,0.47655,15,137525
zf,B385,xcl_micro_500k_p32x1_c005,5,0.52065,0.57753,0.47397,15,137525
zf,B385,xcl_micro_500k_p32x4_c010,3,0.46837,0.51454,0.42981,15,137525
zf,B402,birdaves_biox_base,3,0.45329,0.51534,0.40457,10,182635
zf,B402,birdaves_biox_base,7,0.42447,0.48579,0.37689,10,182635
zf,B402,birdaves_biox_base_speed0p25,3,0.44784,0.51185,0.39806,10,182635
zf,B402,birdaves_biox_base_speed0p25,4,0.4277,0.48914,0.37996,10,182635
zf,B402,birdaves_biox_base_speed0p5,3,0.43787,0.50066,0.38908,10,182635
zf,B402,birdaves_biox_base_speed0p5,6,0.46565,0.53006,0.4152,10,182635
zf,B402,hubert_base_ls960,0,0.39348,0.45172,0.34855,10,182635
zf,B402,hubert_base_ls960,3,0.34988,0.39983,0.31102,10,182635
zf,B402,xcl_base_500k_p32x1_c005,5,0.48454,0.55422,0.43042,10,182635
zf,B402,xcl_base_500k_p32x4_c010,3,0.42417,0.4857,0.37647,10,182635
zf,B402,xcl_base_500k_p32x4_c010,4,0.42506,0.4866,0.37734,10,182635
zf,B402,xcl_large_500k_p32x1_c005,11,0.47796,0.53581,0.43139,10,182635
zf,B402,xcl_large_500k_p32x4_c0025,9,0.44239,0.5058,0.39311,10,182635
zf,B402,xcl_large_500k_p32x4_c010,10,0.43654,0.50047,0.38709,10,182635
zf,B402,xcl_micro_500k_p32x1_c005,4,0.47282,0.54263,0.41892,10,182635
zf,B402,xcl_micro_500k_p32x1_c005,5,0.47105,0.54035,0.41751,10,182635
zf,B402,xcl_micro_500k_p32x4_c010,3,0.4254,0.48925,0.37629,10,182635
zf,B447,birdaves_biox_base,3,0.46771,0.50731,0.43384,9,166725
zf,B447,birdaves_biox_base,7,0.46792,0.50728,0.43422,9,166725
zf,B447,birdaves_biox_base_speed0p25,3,0.4009,0.43684,0.37042,9,166725
zf,B447,birdaves_biox_base_speed0p25,4,0.43153,0.46929,0.39939,9,166725
zf,B447,birdaves_biox_base_speed0p5,3,0.47476,0.51555,0.43996,9,166725
zf,B447,birdaves_biox_base_speed0p5,6,0.51888,0.56691,0.47836,9,166725
zf,B447,hubert_base_ls960,0,0.41048,0.43834,0.38596,9,166725
zf,B447,hubert_base_ls960,3,0.39692,0.42404,0.37307,9,166725
zf,B447,xcl_base_500k_p32x1_c005,5,0.48647,0.52448,0.4536,9,166725
zf,B447,xcl_base_500k_p32x4_c010,3,0.48975,0.52589,0.45825,9,166725
zf,B447,xcl_base_500k_p32x4_c010,4,0.4744,0.50903,0.44418,9,166725
zf,B447,xcl_large_500k_p32x1_c005,11,0.55853,0.59778,0.52412,9,166725
zf,B447,xcl_large_500k_p32x4_c0025,9,0.45389,0.48655,0.42534,9,166725
zf,B447,xcl_large_500k_p32x4_c010,10,0.5001,0.54031,0.46545,9,166725
zf,B447,xcl_micro_500k_p32x1_c005,4,0.45718,0.49167,0.4272,9,166725
zf,B447,xcl_micro_500k_p32x1_c005,5,0.45644,0.48996,0.4272,9,166725
zf,B447,xcl_micro_500k_p32x4_c010,3,0.43531,0.4729,0.40325,9,166725
zf,B507,birdaves_biox_base,3,0.49115,0.55351,0.44141,8,157050
zf,B507,birdaves_biox_base,7,0.46758,0.51833,0.42588,8,157050
zf,B507,birdaves_biox_base_speed0p25,3,0.31805,0.3523,0.28988,8,157045
zf,B507,birdaves_biox_base_speed0p25,4,0.35836,0.39143,0.33044,8,157045
zf,B507,birdaves_biox_base_speed0p5,3,0.47358,0.52982,0.42813,8,157045
zf,B507,birdaves_biox_base_speed0p5,6,0.45611,0.51208,0.41116,8,157045
zf,B507,hubert_base_ls960,0,0.46349,0.51083,0.42418,8,157050
zf,B507,hubert_base_ls960,3,0.39361,0.42286,0.36815,8,157050
zf,B507,xcl_base_500k_p32x1_c005,5,0.57104,0.6392,0.51601,8,157050
zf,B507,xcl_base_500k_p32x4_c010,3,0.5131,0.57687,0.46202,8,157050
zf,B507,xcl_base_500k_p32x4_c010,4,0.50814,0.5716,0.45736,8,157050
zf,B507,xcl_large_500k_p32x1_c005,11,0.52275,0.58288,0.47387,8,157050
zf,B507,xcl_large_500k_p32x4_c0025,9,0.5232,0.58803,0.47125,8,157050
zf,B507,xcl_large_500k_p32x4_c010,10,0.51504,0.57801,0.46444,8,157050
zf,B507,xcl_micro_500k_p32x1_c005,4,0.50139,0.56395,0.45133,8,157050
zf,B507,xcl_micro_500k_p32x1_c005,5,0.52692,0.5901,0.47596,8,157050
zf,B507,xcl_micro_500k_p32x4_c010,3,0.45277,0.50727,0.40884,8,157050
zf,B524,birdaves_biox_base,3,0.49039,0.52135,0.4629,6,76545
zf,B524,birdaves_biox_base,7,0.40007,0.41874,0.383,6,76545
zf,B524,birdaves_biox_base_speed0p25,3,0.42541,0.44287,0.40928,6,76545
zf,B524,birdaves_biox_base_speed0p25,4,0.40857,0.43036,0.38887,6,76545
zf,B524,birdaves_biox_base_speed0p5,3,0.44812,0.47046,0.42781,6,76545
zf,B524,birdaves_biox_base_speed0p5,6,0.45048,0.47076,0.43188,6,76545
zf,B524,hubert_base_ls960,0,0.37142,0.38364,0.35995,6,76545
zf,B524,hubert_base_ls960,3,0.42541,0.44964,0.40365,6,76545
zf,B524,xcl_base_500k_p32x1_c005,5,0.44058,0.4453,0.43596,6,76545
zf,B524,xcl_base_500k_p32x4_c010,3,0.40345,0.41563,0.39196,6,76545
zf,B524,xcl_base_500k_p32x4_c010,4,0.4057,0.41836,0.39379,6,76545
zf,B524,xcl_large_500k_p32x1_c005,11,0.43794,0.44278,0.4332,6,76545
zf,B524,xcl_large_500k_p32x4_c0025,9,0.39927,0.41082,0.38835,6,76545
zf,B524,xcl_large_500k_p32x4_c010,10,0.39486,0.40571,0.38459,6,76545
zf,B524,xcl_micro_500k_p32x1_c005,4,0.39375,0.40571,0.38247,6,76545
zf,B524,xcl_micro_500k_p32x1_c005,5,0.39092,0.40242,0.38006,6,76545
zf,B524,xcl_micro_500k_p32x4_c010,3,0.28544,0.30074,0.27162,6,76545
zf,G255,birdaves_biox_base,3,0.42669,0.47757,0.38561,8,132035
zf,G255,birdaves_biox_base,7,0.42844,0.47919,0.38741,8,132035
zf,G255,birdaves_biox_base_speed0p25,3,0.40789,0.45507,0.36957,8,132035
zf,G255,birdaves_biox_base_speed0p25,4,0.37881,0.41895,0.34568,8,132035
zf,G255,birdaves_biox_base_speed0p5,3,0.41909,0.46881,0.37891,8,132035
zf,G255,birdaves_biox_base_speed0p5,6,0.41217,0.46026,0.37318,8,132035
zf,G255,hubert_base_ls960,0,0.48841,0.5435,0.44346,8,132035
zf,G255,hubert_base_ls960,3,0.46107,0.50651,0.42312,8,132035
zf,G255,xcl_base_500k_p32x1_c005,5,0.53887,0.59248,0.49415,8,132035
zf,G255,xcl_base_500k_p32x4_c010,3,0.49458,0.55118,0.44852,8,132035
zf,G255,xcl_base_500k_p32x4_c010,4,0.49477,0.55167,0.44851,8,132035
zf,G255,xcl_large_500k_p32x1_c005,11,0.54479,0.59419,0.50298,8,132035
zf,G255,xcl_large_500k_p32x4_c0025,9,0.48895,0.54534,0.44312,8,132035
zf,G255,xcl_large_500k_p32x4_c010,10,0.53057,0.58666,0.48427,8,132035
zf,G255,xcl_micro_500k_p32x1_c005,4,0.53505,0.58594,0.4923,8,132035
zf,G255,xcl_micro_500k_p32x1_c005,5,0.53477,0.58444,0.49289,8,132035
zf,G255,xcl_micro_500k_p32x4_c010,3,0.49613,0.5512,0.45107,8,132035
zf,G397,birdaves_biox_base,3,0.44833,0.47685,0.42302,9,123215
zf,G397,birdaves_biox_base,7,0.41666,0.44345,0.39292,9,123215
zf,G397,birdaves_biox_base_speed0p25,3,0.36046,0.38569,0.33833,9,123210
zf,G397,birdaves_biox_base_speed0p25,4,0.35618,0.37744,0.33719,9,123210
zf,G397,birdaves_biox_base_speed0p5,3,0.41282,0.44083,0.38816,9,123210
zf,G397,birdaves_biox_base_speed0p5,6,0.4191,0.4455,0.39565,9,123210
zf,G397,hubert_base_ls960,0,0.40218,0.42736,0.37979,9,123215
zf,G397,hubert_base_ls960,3,0.41018,0.43549,0.38765,9,123215
zf,G397,xcl_base_500k_p32x1_c005,5,0.49358,0.52583,0.46506,9,123215
zf,G397,xcl_base_500k_p32x4_c010,3,0.50422,0.53882,0.47379,9,123215
zf,G397,xcl_base_500k_p32x4_c010,4,0.50082,0.53466,0.471,9,123215
zf,G397,xcl_large_500k_p32x1_c005,11,0.54463,0.5719,0.51984,9,123215
zf,G397,xcl_large_500k_p32x4_c0025,9,0.51803,0.54948,0.48998,9,123215
zf,G397,xcl_large_500k_p32x4_c010,10,0.51356,0.54724,0.48379,9,123215
zf,G397,xcl_micro_500k_p32x1_c005,4,0.46523,0.49513,0.43873,9,123215
zf,G397,xcl_micro_500k_p32x1_c005,5,0.45996,0.48944,0.43382,9,123215
zf,G397,xcl_micro_500k_p32x4_c010,3,0.45816,0.49247,0.42831,9,123215
zf,G402,birdaves_biox_base,3,0.49353,0.51837,0.47096,9,81180
zf,G402,birdaves_biox_base,7,0.45561,0.47388,0.43869,9,81180
zf,G402,birdaves_biox_base_speed0p25,3,0.44322,0.45929,0.42824,9,81180
zf,G402,birdaves_biox_base_speed0p25,4,0.45017,0.46602,0.43536,9,81180
zf,G402,birdaves_biox_base_speed0p5,3,0.45468,0.47708,0.43429,9,81180
zf,G402,birdaves_biox_base_speed0p5,6,0.46212,0.48005,0.44548,9,81180
zf,G402,hubert_base_ls960,0,0.44452,0.45987,0.43017,9,81180
zf,G402,hubert_base_ls960,3,0.35269,0.36651,0.33988,9,81180
zf,G402,xcl_base_500k_p32x1_c005,5,0.51315,0.5258,0.50109,9,81180
zf,G402,xcl_base_500k_p32x4_c010,3,0.4443,0.46669,0.42397,9,81180
zf,G402,xcl_base_500k_p32x4_c010,4,0.42926,0.44989,0.41044,9,81180
zf,G402,xcl_large_500k_p32x1_c005,11,0.51279,0.52567,0.50053,9,81180
zf,G402,xcl_large_500k_p32x4_c0025,9,0.43933,0.45737,0.42265,9,81180
zf,G402,xcl_large_500k_p32x4_c010,10,0.48877,0.50541,0.47318,9,81180
zf,G402,xcl_micro_500k_p32x1_c005,4,0.45224,0.47229,0.43383,9,81180
zf,G402,xcl_micro_500k_p32x1_c005,5,0.44925,0.46893,0.43116,9,81180
zf,G402,xcl_micro_500k_p32x4_c010,3,0.45951,0.48352,0.43778,9,81180
zf,G413,birdaves_biox_base,3,0.34434,0.37489,0.31839,8,111165
zf,G413,birdaves_biox_base,7,0.30468,0.33132,0.28201,8,111165
zf,G413,birdaves_biox_base_speed0p25,3,0.35491,0.38175,0.33159,8,111160
zf,G413,birdaves_biox_base_speed0p25,4,0.33921,0.36634,0.31582,8,111160
zf,G413,birdaves_biox_base_speed0p5,3,0.32626,0.35241,0.30372,8,111160
zf,G413,birdaves_biox_base_speed0p5,6,0.3479,0.37766,0.32248,8,111160
zf,G413,hubert_base_ls960,0,0.28984,0.31474,0.26859,8,111165
zf,G413,hubert_base_ls960,3,0.25493,0.2745,0.23797,8,111165
zf,G413,xcl_base_500k_p32x1_c005,5,0.33757,0.36277,0.31563,8,111165
zf,G413,xcl_base_500k_p32x4_c010,3,0.28547,0.30784,0.26614,8,111165
zf,G413,xcl_base_500k_p32x4_c010,4,0.28681,0.30977,0.26703,8,111165
zf,G413,xcl_large_500k_p32x1_c005,11,0.35333,0.37783,0.33181,8,111165
zf,G413,xcl_large_500k_p32x4_c0025,9,0.33893,0.35981,0.32034,8,111165
zf,G413,xcl_large_500k_p32x4_c010,10,0.34335,0.36657,0.32289,8,111165
zf,G413,xcl_micro_500k_p32x1_c005,4,0.35899,0.38021,0.34001,8,111165
zf,G413,xcl_micro_500k_p32x1_c005,5,0.35725,0.37751,0.33906,8,111165
zf,G413,xcl_micro_500k_p32x4_c010,3,0.28137,0.30247,0.26303,8,111165
zf,G437,birdaves_biox_base,3,0.51384,0.51696,0.51076,6,111025
zf,G437,birdaves_biox_base,7,0.48232,0.49789,0.46769,6,111025
zf,G437,birdaves_biox_base_speed0p25,3,0.4632,0.47774,0.44952,6,111015
zf,G437,birdaves_biox_base_speed0p25,4,0.47042,0.4852,0.45652,6,111015
zf,G437,birdaves_biox_base_speed0p5,3,0.44533,0.45198,0.43888,6,111025
zf,G437,birdaves_biox_base_speed0p5,6,0.58504,0.59927,0.57147,6,111025
zf,G437,hubert_base_ls960,0,0.56408,0.57867,0.5502,6,111025
zf,G437,hubert_base_ls960,3,0.47431,0.48108,0.46773,6,111025
zf,G437,xcl_base_500k_p32x1_c005,5,0.63863,0.65645,0.62176,6,111025
zf,G437,xcl_base_500k_p32x4_c010,3,0.573,0.58953,0.55736,6,111025
zf,G437,xcl_base_500k_p32x4_c010,4,0.56729,0.58355,0.55191,6,111025
zf,G437,xcl_large_500k_p32x1_c005,11,0.64203,0.65934,0.6256,6,111025
zf,G437,xcl_large_500k_p32x4_c0025,9,0.60257,0.61525,0.59041,6,111025
zf,G437,xcl_large_500k_p32x4_c010,10,0.57692,0.5934,0.56133,6,111025
zf,G437,xcl_micro_500k_p32x1_c005,4,0.56079,0.57138,0.55059,6,111025
zf,G437,xcl_micro_500k_p32x1_c005,5,0.54909,0.55934,0.53921,6,111025
zf,G437,xcl_micro_500k_p32x4_c010,3,0.56137,0.57529,0.54811,6,111025
zf,G439,birdaves_biox_base,3,0.50673,0.51588,0.49791,9,134110
zf,G439,birdaves_biox_base,7,0.45316,0.46497,0.44194,9,134110
zf,G439,birdaves_biox_base_speed0p25,3,0.39536,0.40591,0.38535,9,134110
zf,G439,birdaves_biox_base_speed0p25,4,0.38799,0.39922,0.37737,9,134110
zf,G439,birdaves_biox_base_speed0p5,3,0.50323,0.51239,0.49439,9,134110
zf,G439,birdaves_biox_base_speed0p5,6,0.44576,0.45572,0.43621,9,134110
zf,G439,hubert_base_ls960,0,0.49578,0.5019,0.48981,9,134110
zf,G439,hubert_base_ls960,3,0.48044,0.48556,0.47542,9,134110
zf,G439,xcl_base_500k_p32x1_c005,5,0.4878,0.50015,0.47605,9,134110
zf,G439,xcl_base_500k_p32x4_c010,3,0.50383,0.51847,0.48999,9,134110
zf,G439,xcl_base_500k_p32x4_c010,4,0.50225,0.51606,0.48916,9,134110
zf,G439,xcl_large_500k_p32x1_c005,11,0.50446,0.51476,0.49455,9,134110
zf,G439,xcl_large_500k_p32x4_c0025,9,0.50555,0.51741,0.49422,9,134110
zf,G439,xcl_large_500k_p32x4_c010,10,0.50887,0.52195,0.49642,9,134110
zf,G439,xcl_micro_500k_p32x1_c005,4,0.45506,0.46837,0.44249,9,134110
zf,G439,xcl_micro_500k_p32x1_c005,5,0.48352,0.49135,0.47595,9,134110
zf,G439,xcl_micro_500k_p32x4_c010,3,0.44906,0.46125,0.4375,9,134110
zf,G524,birdaves_biox_base,3,0.50203,0.52307,0.48261,10,111735
zf,G524,birdaves_biox_base,7,0.52488,0.54912,0.50268,10,111735
zf,G524,birdaves_biox_base_speed0p25,3,0.36558,0.38413,0.34873,10,111735
zf,G524,birdaves_biox_base_speed0p25,4,0.38395,0.40444,0.36543,10,111735
zf,G524,birdaves_biox_base_speed0p5,3,0.45749,0.48326,0.43433,10,111735
zf,G524,birdaves_biox_base_speed0p5,6,0.46303,0.48715,0.44119,10,111735
zf,G524,hubert_base_ls960,0,0.42218,0.44097,0.40493,10,111735
zf,G524,hubert_base_ls960,3,0.42313,0.44314,0.40485,10,111735
zf,G524,xcl_base_500k_p32x1_c005,5,0.50117,0.51539,0.48771,10,111735
zf,G524,xcl_base_500k_p32x4_c010,3,0.43937,0.4576,0.42254,10,111735
zf,G524,xcl_base_500k_p32x4_c010,4,0.44079,0.45887,0.42408,10,111735
zf,G524,xcl_large_500k_p32x1_c005,11,0.49931,0.51197,0.48726,10,111735
zf,G524,xcl_large_500k_p32x4_c0025,9,0.4903,0.51201,0.47035,10,111735
zf,G524,xcl_large_500k_p32x4_c010,10,0.48045,0.49431,0.46734,10,111735
zf,G524,xcl_micro_500k_p32x1_c005,4,0.4727,0.48956,0.45695,10,111735
zf,G524,xcl_micro_500k_p32x1_c005,5,0.47423,0.48917,0.46017,10,111735
zf,G524,xcl_micro_500k_p32x4_c010,3,0.4396,0.46197,0.41929,10,111735
zf,G528,birdaves_biox_base,3,0.52002,0.59096,0.46428,8,129765
zf,G528,birdaves_biox_base,7,0.48343,0.55298,0.42943,8,129765
zf,G528,birdaves_biox_base_speed0p25,3,0.40403,0.46584,0.3567,8,129765
zf,G528,birdaves_biox_base_speed0p25,4,0.41445,0.47514,0.3675,8,129765
zf,G528,birdaves_biox_base_speed0p5,3,0.50315,0.57476,0.4474,8,129765
zf,G528,birdaves_biox_base_speed0p5,6,0.51305,0.58517,0.45677,8,129765
zf,G528,hubert_base_ls960,0,0.45981,0.52365,0.40985,8,129765
zf,G528,hubert_base_ls960,3,0.41524,0.46505,0.37506,8,129765
zf,G528,xcl_base_500k_p32x1_c005,5,0.47222,0.53158,0.42479,8,129765
zf,G528,xcl_base_500k_p32x4_c010,3,0.36391,0.41186,0.32597,8,129765
zf,G528,xcl_base_500k_p32x4_c010,4,0.37056,0.41483,0.33483,8,129765
zf,G528,xcl_large_500k_p32x1_c005,11,0.52746,0.59573,0.47324,8,129765
zf,G528,xcl_large_500k_p32x4_c0025,9,0.4259,0.47953,0.38306,8,129765
zf,G528,xcl_large_500k_p32x4_c010,10,0.4544,0.51487,0.40664,8,129765
zf,G528,xcl_micro_500k_p32x1_c005,4,0.41,0.46451,0.36693,8,129765
zf,G528,xcl_micro_500k_p32x1_c005,5,0.40448,0.45809,0.3621,8,129765
zf,G528,xcl_micro_500k_p32x4_c010,3,0.38418,0.43819,0.34202,8,129765
zf,O144,birdaves_biox_base,3,0.45362,0.50657,0.41069,10,111255
zf,O144,birdaves_biox_base,7,0.51304,0.5663,0.46893,10,111255
zf,O144,birdaves_biox_base_speed0p25,3,0.44109,0.49087,0.40047,10,111255
zf,O144,birdaves_biox_base_speed0p25,4,0.44748,0.50019,0.40483,10,111255
zf,O144,birdaves_biox_base_speed0p5,3,0.44975,0.50221,0.40722,10,111255
zf,O144,birdaves_biox_base_speed0p5,6,0.47618,0.5301,0.43222,10,111255
zf,O144,hubert_base_ls960,0,0.4844,0.54047,0.43888,10,111255
zf,O144,hubert_base_ls960,3,0.46402,0.51225,0.42409,10,111255
zf,O144,xcl_base_500k_p32x1_c005,5,0.55407,0.61684,0.50289,10,111255
zf,O144,xcl_base_500k_p32x4_c010,3,0.51815,0.57808,0.46948,10,111255
zf,O144,xcl_base_500k_p32x4_c010,4,0.51109,0.57071,0.46275,10,111255
zf,O144,xcl_large_500k_p32x1_c005,11,0.55902,0.61597,0.51171,10,111255
zf,O144,xcl_large_500k_p32x4_c0025,9,0.53097,0.59193,0.4814,10,111255
zf,O144,xcl_large_500k_p32x4_c010,10,0.55157,0.60823,0.50458,10,111255
zf,O144,xcl_micro_500k_p32x1_c005,4,0.55131,0.61201,0.50156,10,111255
zf,O144,xcl_micro_500k_p32x1_c005,5,0.54866,0.60896,0.49922,10,111255
zf,O144,xcl_micro_500k_p32x4_c010,3,0.51423,0.57345,0.4661,10,111255
zf,O254,birdaves_biox_base,3,0.51816,0.58595,0.46442,7,117965
zf,O254,birdaves_biox_base,7,0.59701,0.67663,0.53416,7,117965
zf,O254,birdaves_biox_base_speed0p25,3,0.57678,0.6431,0.52285,7,117965
zf,O254,birdaves_biox_base_speed0p25,4,0.5971,0.66757,0.54008,7,117965
zf,O254,birdaves_biox_base_speed0p5,3,0.58741,0.6584,0.53024,7,117965
zf,O254,birdaves_biox_base_speed0p5,6,0.59961,0.67579,0.53887,7,117965
zf,O254,hubert_base_ls960,0,0.5992,0.68106,0.5349,7,117965
zf,O254,hubert_base_ls960,3,0.62075,0.69183,0.56291,7,117965
zf,O254,xcl_base_500k_p32x1_c005,5,0.63842,0.7232,0.57143,7,117965
zf,O254,xcl_base_500k_p32x4_c010,3,0.53915,0.61302,0.48118,7,117965
zf,O254,xcl_base_500k_p32x4_c010,4,0.54841,0.62096,0.49103,7,117965
zf,O254,xcl_large_500k_p32x1_c005,11,0.65356,0.7407,0.58476,7,117965
zf,O254,xcl_large_500k_p32x4_c0025,9,0.569,0.64327,0.51011,7,117965
zf,O254,xcl_large_500k_p32x4_c010,10,0.57078,0.64577,0.5114,7,117965
zf,O254,xcl_micro_500k_p32x1_c005,4,0.56103,0.63314,0.50367,7,117965
zf,O254,xcl_micro_500k_p32x1_c005,5,0.56355,0.63272,0.50801,7,117965
zf,O254,xcl_micro_500k_p32x4_c010,3,0.5086,0.57763,0.45431,7,117965
zf,O421,birdaves_biox_base,3,0.4606,0.4927,0.43243,7,85885
zf,O421,birdaves_biox_base,7,0.40306,0.43583,0.37487,7,85885
zf,O421,birdaves_biox_base_speed0p25,3,0.3848,0.41507,0.35864,7,85885
zf,O421,birdaves_biox_base_speed0p25,4,0.41513,0.44927,0.38581,7,85885
zf,O421,birdaves_biox_base_speed0p5,3,0.4225,0.45665,0.39309,7,85885
zf,O421,birdaves_biox_base_speed0p5,6,0.42981,0.46335,0.40079,7,85885
zf,O421,hubert_base_ls960,0,0.42199,0.4513,0.39627,7,85885
zf,O421,hubert_base_ls960,3,0.39224,0.41583,0.37117,7,85885
zf,O421,xcl_base_500k_p32x1_c005,5,0.54039,0.57219,0.51194,7,85885
zf,O421,xcl_base_500k_p32x4_c010,3,0.50648,0.53984,0.47701,7,85885
zf,O421,xcl_base_500k_p32x4_c010,4,0.50857,0.54134,0.47955,7,85885
zf,O421,xcl_large_500k_p32x1_c005,11,0.52954,0.55955,0.50259,7,85885
zf,O421,xcl_large_500k_p32x4_c0025,9,0.51856,0.55235,0.48866,7,85885
zf,O421,xcl_large_500k_p32x4_c010,10,0.51678,0.54998,0.48736,7,85885
zf,O421,xcl_micro_500k_p32x1_c005,4,0.50944,0.54009,0.48208,7,85885
zf,O421,xcl_micro_500k_p32x1_c005,5,0.49662,0.52641,0.47002,7,85885
zf,O421,xcl_micro_500k_p32x4_c010,3,0.39492,0.4285,0.36621,7,85885
zf,O434,birdaves_biox_base,3,0.46536,0.4969,0.43758,9,96875
zf,O434,birdaves_biox_base,7,0.4374,0.47208,0.40747,9,96875
zf,O434,birdaves_biox_base_speed0p25,3,0.39055,0.42096,0.36424,9,96875
zf,O434,birdaves_biox_base_speed0p25,4,0.42987,0.46432,0.40019,9,96875
zf,O434,birdaves_biox_base_speed0p5,3,0.43296,0.46732,0.40332,9,96875
zf,O434,birdaves_biox_base_speed0p5,6,0.4169,0.45056,0.38792,9,96875
zf,O434,hubert_base_ls960,0,0.40545,0.43812,0.37732,9,96875
zf,O434,hubert_base_ls960,3,0.39868,0.42638,0.37437,9,96875
zf,O434,xcl_base_500k_p32x1_c005,5,0.45403,0.47873,0.43175,9,96875
zf,O434,xcl_base_500k_p32x4_c010,3,0.40669,0.43998,0.37809,9,96875
zf,O434,xcl_base_500k_p32x4_c010,4,0.40733,0.4405,0.3788,9,96875
zf,O434,xcl_large_500k_p32x1_c005,11,0.55047,0.57709,0.52619,9,96875
zf,O434,xcl_large_500k_p32x4_c0025,9,0.47285,0.50969,0.44098,9,96875
zf,O434,xcl_large_500k_p32x4_c010,10,0.44328,0.47892,0.41258,9,96875
zf,O434,xcl_micro_500k_p32x1_c005,4,0.46704,0.50234,0.43638,9,96875
zf,O434,xcl_micro_500k_p32x1_c005,5,0.45986,0.49414,0.43004,9,96875
zf,O434,xcl_micro_500k_p32x4_c010,3,0.31992,0.34467,0.29849,9,96875
zf,O440,birdaves_biox_base,3,0.55503,0.61173,0.50795,12,102385
zf,O440,birdaves_biox_base,7,0.60176,0.65747,0.55474,12,102385
zf,O440,birdaves_biox_base_speed0p25,3,0.47538,0.52581,0.43378,12,102385
zf,O440,birdaves_biox_base_speed0p25,4,0.44233,0.48652,0.4055,12,102385
zf,O440,birdaves_biox_base_speed0p5,3,0.51653,0.56953,0.47256,12,102385
zf,O440,birdaves_biox_base_speed0p5,6,0.59753,0.65571,0.54884,12,102385
zf,O440,hubert_base_ls960,0,0.51889,0.57517,0.47264,12,102385
zf,O440,hubert_base_ls960,3,0.48297,0.52773,0.44521,12,102385
zf,O440,xcl_base_500k_p32x1_c005,5,0.56545,0.61602,0.52255,12,102385
zf,O440,xcl_base_500k_p32x4_c010,3,0.50565,0.56519,0.45746,12,102385
zf,O440,xcl_base_500k_p32x4_c010,4,0.5067,0.56295,0.46067,12,102385
zf,O440,xcl_large_500k_p32x1_c005,11,0.6062,0.66194,0.55911,12,102385
zf,O440,xcl_large_500k_p32x4_c0025,9,0.49597,0.54931,0.45206,12,102385
zf,O440,xcl_large_500k_p32x4_c010,10,0.53345,0.58786,0.48826,12,102385
zf,O440,xcl_micro_500k_p32x1_c005,4,0.51005,0.55965,0.46852,12,102385
zf,O440,xcl_micro_500k_p32x1_c005,5,0.49923,0.54776,0.45861,12,102385
zf,O440,xcl_micro_500k_p32x4_c010,3,0.48829,0.54468,0.44248,12,102385
zf,O512,birdaves_biox_base,3,0.40874,0.49369,0.34874,9,172780
zf,O512,birdaves_biox_base,7,0.41143,0.49143,0.35384,9,172780
zf,O512,birdaves_biox_base_speed0p25,3,0.39148,0.46453,0.33828,9,172780
zf,O512,birdaves_biox_base_speed0p25,4,0.36917,0.44596,0.31494,9,172780
zf,O512,birdaves_biox_base_speed0p5,3,0.40541,0.48699,0.34725,9,172780
zf,O512,birdaves_biox_base_speed0p5,6,0.3608,0.43177,0.30987,9,172780
zf,O512,hubert_base_ls960,0,0.4423,0.5308,0.37909,9,172780
zf,O512,hubert_base_ls960,3,0.37422,0.449,0.32079,9,172780
zf,O512,xcl_base_500k_p32x1_c005,5,0.58964,0.69975,0.50947,9,172780
zf,O512,xcl_base_500k_p32x4_c010,3,0.53161,0.64398,0.45263,9,172780
zf,O512,xcl_base_500k_p32x4_c010,4,0.53168,0.64395,0.45274,9,172780
zf,O512,xcl_large_500k_p32x1_c005,11,0.58662,0.70028,0.5047,9,172780
zf,O512,xcl_large_500k_p32x4_c0025,9,0.57874,0.69328,0.49668,9,172780
zf,O512,xcl_large_500k_p32x4_c010,10,0.54482,0.65486,0.46645,9,172780
zf,O512,xcl_micro_500k_p32x1_c005,4,0.57892,0.70196,0.49258,9,172780
zf,O512,xcl_micro_500k_p32x1_c005,5,0.56835,0.68887,0.48373,9,172780
zf,O512,xcl_micro_500k_p32x4_c010,3,0.49711,0.59725,0.42573,9,172780
zf,R402,birdaves_biox_base,3,0.59901,0.63303,0.56845,10,102760
zf,R402,birdaves_biox_base,7,0.45169,0.47725,0.42874,10,102760
zf,R402,birdaves_biox_base_speed0p25,3,0.42819,0.45588,0.40367,10,102760
zf,R402,birdaves_biox_base_speed0p25,4,0.47632,0.50317,0.4522,10,102760
zf,R402,birdaves_biox_base_speed0p5,3,0.51001,0.54224,0.48139,10,102760
zf,R402,birdaves_biox_base_speed0p5,6,0.47789,0.50943,0.45004,10,102760
zf,R402,hubert_base_ls960,0,0.4581,0.48241,0.43612,10,102760
zf,R402,hubert_base_ls960,3,0.41922,0.43848,0.40157,10,102760
zf,R402,xcl_base_500k_p32x1_c005,5,0.61663,0.64733,0.58871,10,102760
zf,R402,xcl_base_500k_p32x4_c010,3,0.5328,0.56435,0.5046,10,102760
zf,R402,xcl_base_500k_p32x4_c010,4,0.53112,0.56025,0.50486,10,102760
zf,R402,xcl_large_500k_p32x1_c005,11,0.53998,0.56459,0.51743,10,102760
zf,R402,xcl_large_500k_p32x4_c0025,9,0.54953,0.57899,0.52292,10,102760
zf,R402,xcl_large_500k_p32x4_c010,10,0.54519,0.57404,0.5191,10,102760
zf,R402,xcl_micro_500k_p32x1_c005,4,0.56609,0.59092,0.54326,10,102760
zf,R402,xcl_micro_500k_p32x1_c005,5,0.56161,0.58523,0.53983,10,102760
zf,R402,xcl_micro_500k_p32x4_c010,3,0.50863,0.54197,0.47916,10,102760
zf,R425,birdaves_biox_base,3,0.50411,0.5525,0.46352,10,172215
zf,R425,birdaves_biox_base,7,0.46342,0.50441,0.42859,10,172215
zf,R425,birdaves_biox_base_speed0p25,3,0.37807,0.41586,0.34658,10,172205
zf,R425,birdaves_biox_base_speed0p25,4,0.39354,0.43263,0.36092,10,172205
zf,R425,birdaves_biox_base_speed0p5,3,0.50682,0.5493,0.47044,10,172215
zf,R425,birdaves_biox_base_speed0p5,6,0.54617,0.59287,0.50629,10,172215
zf,R425,hubert_base_ls960,0,0.45649,0.50023,0.41978,10,172215
zf,R425,hubert_base_ls960,3,0.43154,0.47048,0.39855,10,172215
zf,R425,xcl_base_500k_p32x1_c005,5,0.56056,0.60635,0.52121,10,172215
zf,R425,xcl_base_500k_p32x4_c010,3,0.48931,0.53211,0.45288,10,172215
zf,R425,xcl_base_500k_p32x4_c010,4,0.46004,0.49867,0.42696,10,172215
zf,R425,xcl_large_500k_p32x1_c005,11,0.57069,0.61797,0.53014,10,172215
zf,R425,xcl_large_500k_p32x4_c0025,9,0.45784,0.49766,0.42391,10,172215
zf,R425,xcl_large_500k_p32x4_c010,10,0.50726,0.55534,0.46684,10,172215
zf,R425,xcl_micro_500k_p32x1_c005,4,0.50444,0.54544,0.46918,10,172215
zf,R425,xcl_micro_500k_p32x1_c005,5,0.49837,0.53898,0.46346,10,172215
zf,R425,xcl_micro_500k_p32x4_c010,3,0.43273,0.47273,0.39896,10,172215
zf,R469,birdaves_biox_base,3,0.45915,0.50054,0.42408,8,88670
zf,R469,birdaves_biox_base,7,0.38977,0.43034,0.35619,8,88670
zf,R469,birdaves_biox_base_speed0p25,3,0.38093,0.4219,0.34721,8,88670
zf,R469,birdaves_biox_base_speed0p25,4,0.37958,0.41781,0.34776,8,88670
zf,R469,birdaves_biox_base_speed0p5,3,0.41066,0.4488,0.37849,8,88670
zf,R469,birdaves_biox_base_speed0p5,6,0.38738,0.42606,0.35514,8,88670
zf,R469,hubert_base_ls960,0,0.40586,0.44043,0.37632,8,88670
zf,R469,hubert_base_ls960,3,0.40734,0.44609,0.37478,8,88670
zf,R469,xcl_base_500k_p32x1_c005,5,0.51656,0.55223,0.48522,8,88670
zf,R469,xcl_base_500k_p32x4_c010,3,0.41272,0.44398,0.38557,8,88670
zf,R469,xcl_base_500k_p32x4_c010,4,0.41105,0.44322,0.38323,8,88670
zf,R469,xcl_large_500k_p32x1_c005,11,0.51916,0.55581,0.48704,8,88670
zf,R469,xcl_large_500k_p32x4_c0025,9,0.45599,0.48426,0.43083,8,88670
zf,R469,xcl_large_500k_p32x4_c010,10,0.45692,0.48616,0.431,8,88670
zf,R469,xcl_micro_500k_p32x1_c005,4,0.45721,0.49392,0.42558,8,88670
zf,R469,xcl_micro_500k_p32x1_c005,5,0.45452,0.49074,0.42328,8,88670
zf,R469,xcl_micro_500k_p32x4_c010,3,0.39757,0.44063,0.36218,8,88670
zf,S132,birdaves_biox_base,3,0.53707,0.55098,0.52386,5,157965
zf,S132,birdaves_biox_base,7,0.5038,0.51385,0.49414,5,157965
zf,S132,birdaves_biox_base_speed0p25,3,0.42208,0.42529,0.41893,5,157965
zf,S132,birdaves_biox_base_speed0p25,4,0.46071,0.46274,0.45869,5,157965
zf,S132,birdaves_biox_base_speed0p5,3,0.48443,0.4883,0.48061,5,157965
zf,S132,birdaves_biox_base_speed0p5,6,0.57542,0.58229,0.56871,5,157965
zf,S132,hubert_base_ls960,0,0.53603,0.55084,0.52199,5,157965
zf,S132,hubert_base_ls960,3,0.38487,0.38691,0.38285,5,157965
zf,S132,xcl_base_500k_p32x1_c005,5,0.54181,0.55462,0.52959,5,157965
zf,S132,xcl_base_500k_p32x4_c010,3,0.52775,0.53981,0.51621,5,157965
zf,S132,xcl_base_500k_p32x4_c010,4,0.53075,0.54318,0.51888,5,157965
zf,S132,xcl_large_500k_p32x1_c005,11,0.56263,0.57608,0.5498,5,157965
zf,S132,xcl_large_500k_p32x4_c0025,9,0.52679,0.53794,0.51608,5,157965
zf,S132,xcl_large_500k_p32x4_c010,10,0.53193,0.54426,0.52015,5,157965
zf,S132,xcl_micro_500k_p32x1_c005,4,0.52474,0.53529,0.5146,5,157965
zf,S132,xcl_micro_500k_p32x1_c005,5,0.52299,0.53288,0.51346,5,157965
zf,S132,xcl_micro_500k_p32x4_c010,3,0.35285,0.3626,0.34361,5,157965
zf,S389,birdaves_biox_base,3,0.52048,0.54858,0.49511,9,191710
zf,S389,birdaves_biox_base,7,0.47413,0.50508,0.44676,9,191710
zf,S389,birdaves_biox_base_speed0p25,3,0.40973,0.43194,0.38969,9,191705
zf,S389,birdaves_biox_base_speed0p25,4,0.41815,0.44158,0.39709,9,191705
zf,S389,birdaves_biox_base_speed0p5,3,0.46086,0.48735,0.4371,9,191710
zf,S389,birdaves_biox_base_speed0p5,6,0.40873,0.43442,0.38591,9,191710
zf,S389,hubert_base_ls960,0,0.44103,0.46888,0.41631,9,191710
zf,S389,hubert_base_ls960,3,0.43379,0.45342,0.41579,9,191710
zf,S389,xcl_base_500k_p32x1_c005,5,0.49127,0.51447,0.47008,9,191710
zf,S389,xcl_base_500k_p32x4_c010,3,0.41391,0.43882,0.39167,9,191710
zf,S389,xcl_base_500k_p32x4_c010,4,0.4142,0.4395,0.39166,9,191710
zf,S389,xcl_large_500k_p32x1_c005,11,0.52422,0.54759,0.50275,9,191710
zf,S389,xcl_large_500k_p32x4_c0025,9,0.5121,0.54136,0.48583,9,191710
zf,S389,xcl_large_500k_p32x4_c010,10,0.50767,0.54334,0.4764,9,191710
zf,S389,xcl_micro_500k_p32x1_c005,4,0.4673,0.49069,0.44604,9,191710
zf,S389,xcl_micro_500k_p32x1_c005,5,0.45906,0.48201,0.4382,9,191710
zf,S389,xcl_micro_500k_p32x4_c010,3,0.40169,0.42891,0.37771,9,191710
zf,S421,birdaves_biox_base,3,0.41421,0.45893,0.37743,7,119510
zf,S421,birdaves_biox_base,7,0.37007,0.40659,0.33957,7,119510
zf,S421,birdaves_biox_base_speed0p25,3,0.36587,0.40362,0.33459,7,119510
zf,S421,birdaves_biox_base_speed0p25,4,0.36054,0.39146,0.33414,7,119510
zf,S421,birdaves_biox_base_speed0p5,3,0.35603,0.3909,0.32687,7,119510
zf,S421,birdaves_biox_base_speed0p5,6,0.38309,0.42159,0.35103,7,119510
zf,S421,hubert_base_ls960,0,0.44067,0.48166,0.40611,7,119510
zf,S421,hubert_base_ls960,3,0.42471,0.46375,0.39173,7,119510
zf,S421,xcl_base_500k_p32x1_c005,5,0.4675,0.50957,0.43185,7,119510
zf,S421,xcl_base_500k_p32x4_c010,3,0.42678,0.46719,0.3928,7,119510
zf,S421,xcl_base_500k_p32x4_c010,4,0.42638,0.46704,0.39223,7,119510
zf,S421,xcl_large_500k_p32x1_c005,11,0.46334,0.50434,0.4285,7,119510
zf,S421,xcl_large_500k_p32x4_c0025,9,0.45304,0.49499,0.41764,7,119510
zf,S421,xcl_large_500k_p32x4_c010,10,0.4374,0.47824,0.40299,7,119510
zf,S421,xcl_micro_500k_p32x1_c005,4,0.48588,0.53413,0.44562,7,119510
zf,S421,xcl_micro_500k_p32x1_c005,5,0.48334,0.53123,0.44337,7,119510
zf,S421,xcl_micro_500k_p32x4_c010,3,0.39065,0.42835,0.35904,7,119510
zf,S525,birdaves_biox_base,3,0.51952,0.54888,0.49315,10,109565
zf,S525,birdaves_biox_base,7,0.45458,0.47955,0.43208,10,109565
zf,S525,birdaves_biox_base_speed0p25,3,0.41325,0.43827,0.39094,10,109565
zf,S525,birdaves_biox_base_speed0p25,4,0.4066,0.43092,0.38487,10,109565
zf,S525,birdaves_biox_base_speed0p5,3,0.42977,0.45539,0.40689,10,109565
zf,S525,birdaves_biox_base_speed0p5,6,0.44047,0.4672,0.41664,10,109565
zf,S525,hubert_base_ls960,0,0.45756,0.48383,0.43399,10,109565
zf,S525,hubert_base_ls960,3,0.41173,0.43181,0.39344,10,109565
zf,S525,xcl_base_500k_p32x1_c005,5,0.5352,0.55841,0.51385,10,109565
zf,S525,xcl_base_500k_p32x4_c010,3,0.48392,0.51417,0.45703,10,109565
zf,S525,xcl_base_500k_p32x4_c010,4,0.48638,0.51676,0.45937,10,109565
zf,S525,xcl_large_500k_p32x1_c005,11,0.55086,0.57821,0.52598,10,109565
zf,S525,xcl_large_500k_p32x4_c0025,9,0.50419,0.53553,0.47632,10,109565
zf,S525,xcl_large_500k_p32x4_c010,10,0.5172,0.54847,0.48931,10,109565
zf,S525,xcl_micro_500k_p32x1_c005,4,0.50599,0.52435,0.48887,10,109565
zf,S525,xcl_micro_500k_p32x1_c005,5,0.48028,0.49617,0.46538,10,109565
zf,S525,xcl_micro_500k_p32x4_c010,3,0.39319,0.41234,0.37574,10,109565
zf,S528,birdaves_biox_base,3,0.5297,0.60586,0.47055,9,133310
zf,S528,birdaves_biox_base,7,0.49551,0.56883,0.43894,9,133310
zf,S528,birdaves_biox_base_speed0p25,3,0.45955,0.53273,0.40405,9,133310
zf,S528,birdaves_biox_base_speed0p25,4,0.45312,0.52448,0.39885,9,133310
zf,S528,birdaves_biox_base_speed0p5,3,0.47427,0.54957,0.41711,9,133310
zf,S528,birdaves_biox_base_speed0p5,6,0.51037,0.5901,0.44961,9,133310
zf,S528,hubert_base_ls960,0,0.46931,0.54071,0.41456,9,133310
zf,S528,hubert_base_ls960,3,0.38375,0.4386,0.34109,9,133310
zf,S528,xcl_base_500k_p32x1_c005,5,0.5615,0.64144,0.49928,9,133310
zf,S528,xcl_base_500k_p32x4_c010,3,0.52965,0.60851,0.46889,9,133310
zf,S528,xcl_base_500k_p32x4_c010,4,0.52876,0.60803,0.46777,9,133310
zf,S528,xcl_large_500k_p32x1_c005,11,0.55483,0.63217,0.49434,9,133310
zf,S528,xcl_large_500k_p32x4_c0025,9,0.53417,0.61173,0.47406,9,133310
zf,S528,xcl_large_500k_p32x4_c010,10,0.53494,0.61477,0.47347,9,133310
zf,S528,xcl_micro_500k_p32x1_c005,4,0.51495,0.58625,0.45911,9,133310
zf,S528,xcl_micro_500k_p32x1_c005,5,0.51392,0.58471,0.45841,9,133310
zf,S528,xcl_micro_500k_p32x4_c010,3,0.53486,0.6099,0.47626,9,133310
zf,Y389,birdaves_biox_base,3,0.46148,0.52592,0.41112,9,327685
zf,Y389,birdaves_biox_base,7,0.45983,0.51491,0.41539,9,327685
zf,Y389,birdaves_biox_base_speed0p25,3,0.38469,0.42379,0.35221,9,327675
zf,Y389,birdaves_biox_base_speed0p25,4,0.34259,0.37788,0.31333,9,327675
zf,Y389,birdaves_biox_base_speed0p5,3,0.47834,0.54575,0.42575,9,327675
zf,Y389,birdaves_biox_base_speed0p5,6,0.45359,0.51744,0.40377,9,327675
zf,Y389,hubert_base_ls960,0,0.44633,0.50058,0.4027,9,327685
zf,Y389,hubert_base_ls960,3,0.40731,0.46337,0.36335,9,327685
zf,Y389,xcl_base_500k_p32x1_c005,5,0.53304,0.59751,0.48113,9,327685
zf,Y389,xcl_base_500k_p32x4_c010,3,0.49421,0.56523,0.43905,9,327685
zf,Y389,xcl_base_500k_p32x4_c010,4,0.51365,0.57208,0.46604,9,327685
zf,Y389,xcl_large_500k_p32x1_c005,11,0.52447,0.59316,0.47004,9,327685
zf,Y389,xcl_large_500k_p32x4_c0025,9,0.53553,0.60282,0.48176,9,327685
zf,Y389,xcl_large_500k_p32x4_c010,10,0.5345,0.60286,0.48005,9,327685
zf,Y389,xcl_micro_500k_p32x1_c005,4,0.52554,0.59293,0.47191,9,327685
zf,Y389,xcl_micro_500k_p32x1_c005,5,0.51214,0.57737,0.46016,9,327685
zf,Y389,xcl_micro_500k_p32x4_c010,3,0.45324,0.50952,0.40816,9,327685
zf,Y397,birdaves_biox_base,3,0.4062,0.4713,0.35691,7,82165
zf,Y397,birdaves_biox_base,7,0.40706,0.46703,0.36074,7,82165
zf,Y397,birdaves_biox_base_speed0p25,3,0.38898,0.44222,0.34719,7,82165
zf,Y397,birdaves_biox_base_speed0p25,4,0.40895,0.4632,0.36608,7,82165
zf,Y397,birdaves_biox_base_speed0p5,3,0.42598,0.4911,0.3761,7,82165
zf,Y397,birdaves_biox_base_speed0p5,6,0.38938,0.44721,0.3448,7,82165
zf,Y397,hubert_base_ls960,0,0.52834,0.60017,0.47186,7,82165
zf,Y397,hubert_base_ls960,3,0.45777,0.51405,0.4126,7,82165
zf,Y397,xcl_base_500k_p32x1_c005,5,0.59376,0.68613,0.52331,7,82165
zf,Y397,xcl_base_500k_p32x4_c010,3,0.62023,0.68206,0.56867,7,82165
zf,Y397,xcl_base_500k_p32x4_c010,4,0.56578,0.64764,0.50229,7,82165
zf,Y397,xcl_large_500k_p32x1_c005,11,0.62405,0.71639,0.5528,7,82165
zf,Y397,xcl_large_500k_p32x4_c0025,9,0.55493,0.64079,0.48936,7,82165
zf,Y397,xcl_large_500k_p32x4_c010,10,0.55138,0.63762,0.4857,7,82165
zf,Y397,xcl_micro_500k_p32x1_c005,4,0.60337,0.69753,0.5316,7,82165
zf,Y397,xcl_micro_500k_p32x1_c005,5,0.60257,0.69674,0.53083,7,82165
zf,Y397,xcl_micro_500k_p32x4_c010,3,0.58235,0.65127,0.52662,7,82165
zf,Y425,birdaves_biox_base,3,0.48646,0.53469,0.44621,10,131970
zf,Y425,birdaves_biox_base,7,0.45525,0.49915,0.41844,10,131970
zf,Y425,birdaves_biox_base_speed0p25,3,0.47625,0.52464,0.43604,10,131970
zf,Y425,birdaves_biox_base_speed0p25,4,0.4453,0.48639,0.41061,10,131970
zf,Y425,birdaves_biox_base_speed0p5,3,0.51538,0.56526,0.4736,10,131970
zf,Y425,birdaves_biox_base_speed0p5,6,0.4675,0.51527,0.42783,10,131970
zf,Y425,hubert_base_ls960,0,0.47579,0.52026,0.43832,10,131970
zf,Y425,hubert_base_ls960,3,0.44378,0.48587,0.4084,10,131970
zf,Y425,xcl_base_500k_p32x1_c005,5,0.55891,0.59844,0.52428,10,131970
zf,Y425,xcl_base_500k_p32x4_c010,3,0.50495,0.55458,0.46347,10,131970
zf,Y425,xcl_base_500k_p32x4_c010,4,0.50287,0.55212,0.46169,10,131970
zf,Y425,xcl_large_500k_p32x1_c005,11,0.54506,0.58185,0.51266,10,131970
zf,Y425,xcl_large_500k_p32x4_c0025,9,0.50036,0.54923,0.45949,10,131970
zf,Y425,xcl_large_500k_p32x4_c010,10,0.50454,0.55402,0.46318,10,131970
zf,Y425,xcl_micro_500k_p32x1_c005,4,0.51822,0.57087,0.47446,10,131970
zf,Y425,xcl_micro_500k_p32x1_c005,5,0.51372,0.56637,0.47003,10,131970
zf,Y425,xcl_micro_500k_p32x4_c010,3,0.49732,0.54621,0.45646,10,131970
zf,Y433,birdaves_biox_base,3,0.53269,0.56424,0.50448,7,121355
zf,Y433,birdaves_biox_base,7,0.39773,0.42627,0.37278,7,121355
zf,Y433,birdaves_biox_base_speed0p25,3,0.35526,0.38324,0.33108,7,121355
zf,Y433,birdaves_biox_base_speed0p25,4,0.39656,0.42381,0.37261,7,121355
zf,Y433,birdaves_biox_base_speed0p5,3,0.39552,0.42139,0.37265,7,121355
zf,Y433,birdaves_biox_base_speed0p5,6,0.55591,0.5938,0.52256,7,121355
zf,Y433,hubert_base_ls960,0,0.42107,0.45235,0.39384,7,121355
zf,Y433,hubert_base_ls960,3,0.47813,0.51241,0.44815,7,121355
zf,Y433,xcl_base_500k_p32x1_c005,5,0.54715,0.57768,0.51968,7,121355
zf,Y433,xcl_base_500k_p32x4_c010,3,0.40118,0.43063,0.3755,7,121355
zf,Y433,xcl_base_500k_p32x4_c010,4,0.41127,0.44171,0.38476,7,121355
zf,Y433,xcl_large_500k_p32x1_c005,11,0.59807,0.62247,0.57551,7,121355
zf,Y433,xcl_large_500k_p32x4_c0025,9,0.47957,0.51424,0.44927,7,121355
zf,Y433,xcl_large_500k_p32x4_c010,10,0.47721,0.51316,0.44596,7,121355
zf,Y433,xcl_micro_500k_p32x1_c005,4,0.49062,0.51633,0.46735,7,121355
zf,Y433,xcl_micro_500k_p32x1_c005,5,0.48139,0.5055,0.45948,7,121355
zf,Y433,xcl_micro_500k_p32x4_c010,3,0.34741,0.3692,0.32805,7,121355
zf,Y440,birdaves_biox_base,3,0.53992,0.57424,0.50948,11,148620
zf,Y440,birdaves_biox_base,7,0.5285,0.5548,0.50459,11,148620
zf,Y440,birdaves_biox_base_speed0p25,3,0.45317,0.47793,0.43086,11,148620
zf,Y440,birdaves_biox_base_speed0p25,4,0.44621,0.47268,0.42255,11,148620
zf,Y440,birdaves_biox_base_speed0p5,3,0.46225,0.49176,0.43608,11,148620
zf,Y440,birdaves_biox_base_speed0p5,6,0.54888,0.58501,0.51695,11,148620
zf,Y440,hubert_base_ls960,0,0.47977,0.50512,0.45685,11,148620
zf,Y440,hubert_base_ls960,3,0.44781,0.46544,0.43147,11,148620
zf,Y440,xcl_base_500k_p32x1_c005,5,0.54626,0.57303,0.52189,11,148620
zf,Y440,xcl_base_500k_p32x4_c010,3,0.51709,0.54968,0.48815,11,148620
zf,Y440,xcl_base_500k_p32x4_c010,4,0.51515,0.54619,0.48745,11,148620
zf,Y440,xcl_large_500k_p32x1_c005,11,0.5029,0.52197,0.48518,11,148620
zf,Y440,xcl_large_500k_p32x4_c0025,9,0.5248,0.55731,0.49587,11,148620
zf,Y440,xcl_large_500k_p32x4_c010,10,0.54828,0.5746,0.52427,11,148620
zf,Y440,xcl_micro_500k_p32x1_c005,4,0.52864,0.54977,0.50906,11,148620
zf,Y440,xcl_micro_500k_p32x1_c005,5,0.48225,0.50974,0.45757,11,148620
zf,Y440,xcl_micro_500k_p32x4_c010,3,0.44188,0.47096,0.41618,11,148620
zf,Y453,birdaves_biox_base,3,0.4978,0.54511,0.45805,10,181080
zf,Y453,birdaves_biox_base,7,0.50435,0.54923,0.46625,10,181080
zf,Y453,birdaves_biox_base_speed0p25,3,0.43134,0.46884,0.39939,10,181100
zf,Y453,birdaves_biox_base_speed0p25,4,0.44173,0.48016,0.409,10,181100
zf,Y453,birdaves_biox_base_speed0p5,3,0.45037,0.49223,0.41508,10,181100
zf,Y453,birdaves_biox_base_speed0p5,6,0.45715,0.49841,0.4222,10,181100
zf,Y453,hubert_base_ls960,0,0.39785,0.43389,0.36735,10,181100
zf,Y453,hubert_base_ls960,3,0.33385,0.36281,0.30918,10,181100
zf,Y453,xcl_base_500k_p32x1_c005,5,0.46594,0.50542,0.43217,10,181100
zf,Y453,xcl_base_500k_p32x4_c010,3,0.47618,0.5235,0.43671,10,181100
zf,Y453,xcl_base_500k_p32x4_c010,4,0.47481,0.52192,0.4355,10,181100
zf,Y453,xcl_large_500k_p32x1_c005,11,0.46304,0.50104,0.43039,10,181100
zf,Y453,xcl_large_500k_p32x4_c0025,9,0.47143,0.5166,0.43351,10,181100
zf,Y453,xcl_large_500k_p32x4_c010,10,0.47458,0.51957,0.43675,10,181100
zf,Y453,xcl_micro_500k_p32x1_c005,4,0.45746,0.50174,0.42037,10,181100
zf,Y453,xcl_micro_500k_p32x1_c005,5,0.45651,0.50033,0.41975,10,181100
zf,Y453,xcl_micro_500k_p32x4_c010,3,0.43904,0.48277,0.40258,10,181100
